,precision,recall,f1-score,support
benign,0.9192680301399354,0.8714285714285714,0.8947092718700891,1960.0
malignant,0.9211761025961839,0.9515347334410339,0.9361093452002542,3095.0
accuracy,0.9204747774480713,0.9204747774480713,0.9204747774480713,0.9204747774480713
macro avg,0.9202220663680596,0.9114816524348026,0.9154093085351717,5055.0
weighted avg,0.9204362762827819,0.9204747774480713,0.920057091248301,5055.0
